"","Gene_Clusters"
"eGFP","1"
"Cdc45","2"
"Scmh1","1"
"Ngfr","3"
"Gna12","4"
"Igsf5","2"
"Ccnd2","5"
"Drp2","1"
"Tspan32","5"
"Gmpr","6"
"Mid2","3"
"Trim25","7"
"Cdh4","2"
"Comt","1"
"Rnf17","8"
"Tbrg4","9"
"Egfl6","5"
"Cttnbp2","5"
"Galnt1","4"
"Hnrnpd","10"
"Gm2a","11"
"Hk2","9"
"Kat2b","11"
"Rpa1","2"
"Serpinf1","12"
"Ddx3x","10"
"Car4","2"
"Bcl11a","13"
"Mmp11","14"
"Hoxa4","10"
"Slc7a7","14"
"Ilf2","10"
"Epn2","6"
"Luzp1","15"
"Col6a1","3"
"Lgals9","5"
"Ocrl","5"
"Uhrf1","2"
"Lsr","16"
"Ckb","8"
"Efnb2","14"
"Rnd2","1"
"Fndc5","17"
"Acp5","1"
"Ube2c","2"
"Cct3","9"
"Kpnb1","10"
"Cyp51","10"
"Tubb6","8"
"Meox1","2"
"Col1a1","8"
"Foxm1","2"
"Nrip2","6"
"Tubb5","15"
"Stk38l","16"
"Hoxc8","9"
"Gstt1","11"
"Gstt3","7"
"Ubl3","1"
"Cldn15","14"
"Tcirg1","11"
"Tspan33","7"
"Rin2","7"
"Pwp1","2"
"Capns1","7"
"Folr1","7"
"Sept7","15"
"Aif1l","13"
"Ltbp1","14"
"Ugp2","4"
"Kcnh6","7"
"Grik3","6"
"Pnck","11"
"Tmem25","7"
"Spag5","2"
"Ccne1","10"
"Mybpc3","6"
"Acp2","16"
"Celf2","3"
"Stat6","17"
"Paxip1","9"
"Mov10","4"
"Peg3","9"
"Zim1","4"
"Angptl4","11"
"Dbf4","2"
"Irf9","17"
"Slc25a42","6"
"Prpf6","9"
"Abhd3","1"
"Snrpd1","10"
"Axl","7"
"Akap8l","16"
"Prkd1","9"
"Cse1l","10"
"Baz1b","10"
"Chaf1a","2"
"Adprh","10"
"Mcm2","9"
"Cd97","1"
"Arrdc2","16"
"Map2k7","17"
"Apoe","11"
"Prkar2b","12"
"Cdkn1b","17"
"Klf4","4"
"Edar","5"
"Pld3","7"
"Rabac1","11"
"Fcgrt","3"
"Nosip","16"
"Bicd1","6"
"Dusp3","13"
"Cp","3"
"Crot","7"
"Snrnp200","9"
"Insig2","7"
"Brd8","2"
"Kif20a","2"
"Dnase2a","7"
"Calr","9"
"Nfat5","7"
"Nqo1","17"
"Ssbp2","8"
"Gstm7","7"
"Stat3","7"
"Ptrf","3"
"Zak","11"
"Dnmt1","10"
"Psap","1"
"Ptpn6","15"
"Atp6v1f","16"
"Pde1c","10"
"Utp20","10"
"Zfp324","9"
"Gab2","14"
"Coro1c","9"
"Stxbp2","4"
"Arid3b","10"
"Cnn2","8"
"Cd244","1"
"Pgf","15"
"Ulk2","14"
"Mapk13","6"
"Lbr","15"
"Crabp2","9"
"Nes","15"
"Slc25a18","6"
"Hnrnpa2b1","9"
"Jkamp","16"
"Cd44","7"
"Wisp1","8"
"Ndrg1","7"
"Shbg","17"
"Plekha8","9"
"G6pc2","9"
"Spc25","2"
"Prlr","12"
"Slc1a3","8"
"Msh6","10"
"Tbl2","9"
"Mcm5","10"
"Asf1b","2"
"Ddx39","10"
"Dnajb1","16"
"Por","4"
"Igf1r","13"
"Mef2c","8"
"Eif4g2","9"
"Mthfd2","2"
"Kit","4"
"Ranbp1","10"
"Sqrdl","11"
"Gata6","16"
"Reep5","1"
"Ergic3","16"
"Inpp5k","1"
"Htra1","12"
"Fblim1","8"
"Atp6v1b2","4"
"Tmbim1","3"
"Tmem147","16"
"Cbfa2t3","6"
"Fbln1","8"
"Gcat","9"
"Elovl1","7"
"Cdc20","2"
"Adamts4","8"
"Ptbp1","9"
"Cyba","11"
"Slc4a3","1"
"Runx1t1","15"
"Hfe","6"
"Tcf23","14"
"Aplp1","15"
"Pola1","10"
"Gmnn","2"
"Tspan31","4"
"Sulf2","8"
"Ezh1","11"
"Ctnnb1","9"
"Ddah2","15"
"Pole","2"
"Cav1","5"
"Cpt1c","4"
"Zfp655","7"
"Zmiz1","15"
"Ankrd26","15"
"Aldh16a1","10"
"Mid1ip1","17"
"Cers4","7"
"Ubc","16"
"Carhsp1","16"
"Nutf2","10"
"Mgst1","17"
"Nfib","8"
"Ubqln4","10"
"Hipk1","13"
"Vdac3","16"
"Bmp7","4"
"Dynll1","9"
"Tmem184b","9"
"Derl3","6"
"Bcl2l13","10"
"Tnpo1","15"
"Rnmt","13"
"Kcnq1","7"
"Cbx5","9"
"Apobec3","7"
"Taf7l","1"
"Vav2","1"
"Tex15","17"
"Mcu","14"
"Ubp1","9"
"Nuak2","9"
"Slc38a3","15"
"Tmem86a","11"
"Tex14","6"
"Ifi35","6"
"Plcd1","1"
"Fads1","15"
"Exoc3l2","7"
"Sugp1","9"
"Dhdh","17"
"Kif11","2"
"Mlkl","11"
"Cdh23","7"
"Amotl1","15"
"Etv5","15"
"Igf2bp1","10"
"Aldh1a2","9"
"Cad","2"
"Ly6g6e","12"
"St3gal1","14"
"Clip3","15"
"Tvp23b","4"
"Glis2","4"
"Mertk","3"
"Camta1","6"
"Csf1","15"
"Elmo3","1"
"E2f4","10"
"Gata2","14"
"Ptgds","6"
"Slc25a13","13"
"Aldh1a3","7"
"Abca1","11"
"Gdi1","9"
"Gadd45b","5"
"Zdhhc12","4"
"Cd83","14"
"Fam163a","14"
"Hivep2","8"
"Srf","16"
"Gata5","15"
"Setdb1","10"
"Arnt2","13"
"Anp32e","10"
"Med22","9"
"Nfe2l2","16"
"Adamtsl4","15"
"Ncapg","2"
"Gtf2ird2","14"
"Cacna1d","17"
"Skiv2l2","10"
"Lbp","9"
"Celsr1","13"
"Fli1","15"
"Nelfcd","10"
"Pls3","9"
"Wt1","1"
"E2f3","2"
"Lamp2","3"
"Atxn10","10"
"Eif3d","9"
"Nup50","10"
"Pacsin2","1"
"Sulf1","4"
"Sdc4","17"
"Rnd3","15"
"Brca1","2"
"Med24","15"
"Aldoc","7"
"Plxdc1","1"
"C1qtnf1","11"
"Timp2","14"
"Top2b","9"
"Rarb","15"
"Igfbp4","9"
"Cdc6","2"
"Atad5","2"
"Elmo2","2"
"Serinc3","11"
"Birc5","2"
"Wfdc2","2"
"Slc12a7","4"
"Mybl2","2"
"Cyb5r3","9"
"Vmp1","16"
"Pmp22","8"
"Ywhab","9"
"Gpx3","8"
"Anxa6","7"
"Vezf1","15"
"Mtmr4","10"
"Mrm1","1"
"Myo1b","6"
"Ypel2","7"
"Derl2","1"
"Slc2a4","10"
"Acadvl","16"
"G3bp1","10"
"Sparc","14"
"Tbx3","8"
"Cbx1","15"
"Lhx1","2"
"Lsp1","8"
"Myh11","11"
"Rad51d","4"
"Fdxr","1"
"Irf1","5"
"Arrb1","13"
"Natd1","9"
"Dnah1","7"
"Rab3d","7"
"Scrn1","14"
"Isyna1","16"
"Chtf18","16"
"Lhx9","1"
"Hsd17b1","6"
"Gdpd2","17"
"Ddx39b","9"
"Rcn3","8"
"Cyb561","16"
"Sema6a","9"
"Lyst","10"
"Tmc4","7"
"Esr1","5"
"Fbxo5","2"
"Frk","15"
"Hey2","6"
"Snx3","16"
"Pex3","4"
"Plagl1","8"
"Utrn","9"
"Mical1","2"
"Slc16a10","4"
"Rev3l","11"
"Traf3ip2","11"
"Tube1","2"
"Lama4","13"
"Perp","6"
"Qrsl1","10"
"Rtn4ip1","2"
"Ptprk","8"
"Cdk1","2"
"Atp2b1","8"
"Actr6","1"
"Uhrf1bp1l","1"
"Poc1b","15"
"Dusp6","10"
"Tmpo","15"
"Kitl","16"
"Sgk1","14"
"Hbs1l","9"
"Apaf1","8"
"Arg1","2"
"Nedd1","9"
"Enpp3","15"
"Pde7b","12"
"Mtfr2","2"
"Cfap54","5"
"Tmcc3","15"
"Socs2","12"
"Tcp11l2","7"
"Timp3","7"
"Igf1","3"
"Mybpc1","14"
"Pbld1","14"
"Ddx21","2"
"Ppa1","10"
"Sgpl1","4"
"Unc5b","10"
"Micu1","7"
"Cand1","10"
"Plek","3"
"Srgap1","4"
"Egfr","12"
"Lgr5","7"
"Slc1a4","9"
"Dock2","7"
"Meis1","15"
"Cnot2","9"
"Cobl","15"
"Grb10","15"
"Nav3","15"
"Ddc","10"
"E2f7","10"
"Csrp2","15"
"Vps13d","17"
"Tmbim4","16"
"Prmt2","17"
"Hcfc2","4"
"D10Wsu102e","1"
"Adarb1","10"
"Sumo3","10"
"Pfkl","9"
"Xpo1","10"
"Nsg2","15"
"Sptbn1","3"
"Hmmr","2"
"Cyfip2","17"
"Zfp354a","4"
"Canx","16"
"Rnf130","7"
"Rad50","13"
"Pttg1","2"
"Tns3","16"
"Btg2","5"
"Rnf185","15"
"Efemp1","15"
"Myl7","9"
"Sept4","14"
"Ska2","2"
"Prr11","2"
"Tom1l1","16"
"Bzw2","9"
"Nampt","13"
"Trib2","17"
"Arsg","1"
"Map2k6","15"
"Trappc12","4"
"Id2","15"
"Mboat2","17"
"Ncoa1","7"
"Rrm2","2"
"Dnmt3a","9"
"Hnf1b","2"
"Ftsj3","2"
"Ern1","7"
"Nf1","16"
"Cacng4","15"
"Nup85","2"
"Gga3","10"
"Pafah1b1","9"
"Ankfy1","9"
"Rhbdf2","17"
"Fam64a","2"
"Cygb","3"
"Nos2","6"
"Pld2","7"
"Cpd","16"
"Rph3al","1"
"Doc2b","7"
"Prpf8","15"
"Hoxb9","2"
"Scrn2","16"
"Fbxl20","7"
"Aurkb","2"
"Pfas","13"
"Myh10","9"
"Krt19","14"
"Top2a","2"
"Eftud2","10"
"Dcakd","9"
"Fkbp3","9"
"Gtf2a1","4"
"Tshr","1"
"Pnn","9"
"Ctage5","6"
"Npas3","5"
"Ralgapa1","16"
"Sptlc2","4"
"Vipas39","9"
"Mthfd1","2"
"Esr2","12"
"Fut8","16"
"Trim9","13"
"Serpina1f","1"
"Dhrs7","17"
"Clmn","10"
"Vrk1","10"
"Zfp36l1","7"
"Smoc1","1"
"Fbln5","3"
"Lgmn","13"
"Pitrm1","10"
"Otub2","9"
"Ppp4r4","7"
"Akr1c13","6"
"Tshz3","15"
"Dpf3","6"
"Papln","1"
"Numb","1"
"Acot2","17"
"Aldh6a1","4"
"Fos","13"
"Tgfb3","14"
"Angel1","1"
"Wars","10"
"Hsp90aa1","9"
"Cinp","2"
"Eif5","10"
"Ppp1r13b","14"
"Xrcc3","2"
"Mtr","1"
"Ryr2","1"
"Amph","2"
"Gli3","10"
"Gcnt2","13"
"Nedd9","17"
"Dek","10"
"Susd3","6"
"Ogn","8"
"Cenpp","2"
"Ssr1","15"
"Gadd45g","1"
"Auh","4"
"Ptch1","8"
"Ctsl","6"
"Txndc15","6"
"Ddx46","10"
"A530054K11Rik","4"
"Trpc7","1"
"Golm1","10"
"Dapk1","7"
"Cep72","2"
"Erap1","6"
"Rhobtb3","10"
"Glrx","4"
"Arsk","14"
"Nsun2","10"
"Med10","16"
"Hapln1","10"
"Vcan","13"
"Arhgef28","6"
"Pde8b","5"
"Ercc8","13"
"Depdc1b","2"
"Dhfr","2"
"Emb","9"
"Fgf10","9"
"Ptprg","1"
"Map3k1","16"
"Fst","17"
"Kat6b","4"
"Fam213a","15"
"Nid2","8"
"Nudt13","16"
"Dnajc9","2"
"Vcl","7"
"Txndc16","14"
"Bmp4","10"
"Mapk1ip1l","10"
"Peli2","13"
"Slmap","16"
"Arhgef3","11"
"Ctsb","11"
"Gata4","1"
"Cryl1","17"
"Prkcd","16"
"Tdh","1"
"Tkt","4"
"Ska3","2"
"Hmbox1","15"
"Spata13","13"
"Wnt5a","14"
"Tsc22d1","17"
"Dnajc15","4"
"Akap11","9"
"Rgcc","1"
"Tdrd3","9"
"Lect1","6"
"Scara5","6"
"Pbk","2"
"Esco2","2"
"Clu","6"
"Ephx2","6"
"Dpysl2","4"
"Nefm","15"
"Nefl","15"
"Ppp3cc","17"
"Bmp1","5"
"Gfra2","8"
"Itm2b","11"
"Spry2","14"
"Rnf219","10"
"Ednrb","15"
"Dct","1"
"Mbnl2","6"
"Dab2","12"
"Ajuba","9"
"Slc7a8","12"
"Pdzd2","5"
"Slc22a17","1"
"Psme1","16"
"Zscan26","5"
"Cct5","9"
"Cmbl","17"
"Tars","9"
"Brix1","10"
"Laptm4b","1"
"Sdc2","11"
"Ank","4"
"Fam134b","17"
"Myo10","6"
"Pabpc1","10"
"Rrm2b","16"
"Fzd6","14"
"Slc25a32","7"
"Zfpm2","14"
"Oxr1","9"
"Angpt1","15"
"Csmd3","11"
"Rad21","10"
"Cdh10","9"
"Shcbp1","2"
"Matn2","3"
"Osr2","8"
"Sybu","1"
"Myc","6"
"Sqle","13"
"Atad2","2"
"Zhx1","9"
"Mtbp","10"
"Gtse1","2"
"Rangap1","2"
"Rbx1","9"
"Deptor","6"
"Smc1b","5"
"Fam118a","13"
"Parvb","1"
"Ttll1","9"
"Adamts20","15"
"Sept3","9"
"Slc38a4","9"
"Col2a1","2"
"Hoxc5","14"
"Litaf","4"
"Hes1","7"
"Zfp263","5"
"Atp13a3","16"
"Tmem44","1"
"Rogdi","4"
"Oplah","17"
"Grina","7"
"Plec","17"
"Ly6e","4"
"Cblb","14"
"Bbx","10"
"Cd200","17"
"Ccdc80","7"
"Mcm4","9"
"Snai2","8"
"Fopnl","1"
"Nde1","2"
"B3gnt5","9"
"Zbtb20","12"
"Cldn26","7"
"Tomm70a","9"
"Slc7a4","6"
"Top3b","9"
"Mfi2","7"
"Igsf11","17"
"Yars2","1"
"Arhgap31","6"
"Popdc2","15"
"Umps","9"
"Itgb5","1"
"Abcc5","11"
"Clcn2","7"
"Cxadr","9"
"Rfc4","10"
"Robo1","13"
"Masp1","6"
"Adamts1","15"
"Slc15a2","14"
"Parp9","17"
"Grik1","7"
"Chaf1b","10"
"Runx1","7"
"Tmem50b","1"
"Ifngr2","11"
"Ifnar1","1"
"Il10rb","1"
"Ifnar2","1"
"Sod1","16"
"Zfp641","6"
"Enah","13"
"Tuba1b","10"
"Tmbim6","16"
"Faim2","1"
"Racgap1","2"
"Cers5","13"
"Slc11a2","1"
"Nr4a1","5"
"Amhr2","16"
"Prr13","16"
"Calcoco1","7"
"Cdkn1a","1"
"Rgn","1"
"Fhl1","13"
"Msrb2","11"
"Wrb","9"
"Ivns1abp","16"
"Vwa5a","11"
"Scg5","13"
"Wfdc1","7"
"Tmem176a","7"
"Slc17a9","7"
"Tpi1","9"
"Tulp2","1"
"Cdca3","2"
"Ccndbp1","4"
"Tiam2","14"
"Park2","11"
"Slc22a3","15"
"Igf2r","8"
"Acat2","9"
"Pde10a","4"
"Thbs2","11"
"Smoc2","15"
"Cenpq","2"
"Cdc5l","10"
"Spats1","7"
"Sgol1","2"
"Enpp4","13"
"Crip3","17"
"Abcg1","7"
"Slc37a1","17"
"Arhgap28","13"
"Emilin2","12"
"Cyp4f13","17"
"Ndc80","2"
"Galnt14","10"
"Ehd3","13"
"Spast","9"
"Strn","13"
"Eif2ak2","17"
"Ndufaf7","4"
"Pja2","1"
"Cyp1b1","8"
"Vapa","4"
"Srsf7","10"
"Fam21","16"
"Lhcgr","17"
"Nrxn1","8"
"Eci1","16"
"Rhoq","9"
"Msh2","9"
"C3","2"
"Hn1l","10"
"Rgs11","7"
"Itfg3","7"
"Fkbp5","16"
"Slc25a46","16"
"Slc39a6","15"
"Mapre2","2"
"Esco1","1"
"Tapbp","17"
"Psmb8","12"
"Psd2","15"
"Gfra3","9"
"Cdc23","2"
"C2","11"
"Zfp521","9"
"Lama3","5"
"Ndfip1","7"
"Hdac3","9"
"Trim26","16"
"Dcp2","9"
"Hbegf","15"
"Dpysl3","12"
"Slmo1","2"
"Sncaip","8"
"Me2","16"
"Sall3","4"
"Fech","4"
"Pdgfrb","8"
"Psat1","2"
"Cyb5a","16"
"Anxa1","11"
"Incenp","2"
"Fth1","17"
"Osbp","5"
"Fam111a","2"
"Gna14","3"
"Pcsk5","15"
"Ddb1","9"
"Fen1","2"
"Aldh1a7","1"
"Tmem2","10"
"Atl3","17"
"Gpha2","6"
"Cdca5","2"
"Kif20b","2"
"Il33","14"
"Tnks2","9"
"Gldc","2"
"Pola2","2"
"Dmrt1","1"
"Eif1ad","2"
"Sf3b2","9"
"Aldh3b1","17"
"Slc29a2","4"
"Papss2","12"
"Cpt1a","17"
"Ltbp3","5"
"Prdx5","7"
"Bad","4"
"Stip1","9"
"Smc3","10"
"Pdcd4","7"
"Tcf7l2","5"
"Cep55","2"
"Eif3a","9"
"Prdx3","16"
"Hells","2"
"Aldh18a1","2"
"Ccnj","2"
"Add3","11"
"Maoa","4"
"Nr0b1","1"
"Dclre1a","1"
"Ablim1","12"
"Pnliprp2","1"
"Slc18a2","6"
"Alyref","2"
"Rab40b","11"
"R3hcc1l","4"
"Sema4g","4"
"Sfxn3","7"
"Kazald1","6"
"Btrc","17"
"Limd1","9"
"Fyco1","16"
"Maged2","17"
"Sat1","7"
"Rabgef1","16"
"Cd63","7"
"Prim1","10"
"Myo1a","7"
"Paip1","16"
"Adam8","1"
"Tubgcp2","15"
"Dpysl4","13"
"Ric8","9"
"Ifitm1","1"
"Ifitm3","3"
"Pidd1","10"
"Asl","16"
"Tm9sf2","16"
"Farp1","9"
"Slc15a1","1"
"Dock9","17"
"Tk1","2"
"Cbx2","10"
"Eif4a3","10"
"Pde8a","17"
"Dach2","14"
"Klhl4","15"
"Zfp202","13"
"Copg2","9"
"Podxl","1"
"Bach1","14"
"Cct8","9"
"Phf6","10"
"Shisa5","17"
"Pfkfb4","4"
"Tmem47","8"
"Rab40c","7"
"Gng13","16"
"Hadha","1"
"Tyms","2"
"Plk4","2"
"Mfsd8","4"
"Crispld1","8"
"Itih5","3"
"St8sia2","8"
"Slco3a1","6"
"Nrp1","15"
"Homer2","4"
"Nudt5","10"
"Myo5b","1"
"Casp12","11"
"Gria4","8"
"Rb1cc1","4"
"Eya1","2"
"Idh1","16"
"Akr1cl","11"
"Creb1","2"
"Klf7","4"
"Adam23","8"
"Nrp2","8"
"Hspd1","9"
"Slc39a10","9"
"Slc40a1","6"
"Ikzf2","13"
"Acadl","17"
"Casp8","5"
"Cflar","1"
"Clk1","11"
"Nif3l1","13"
"Sgol2","2"
"Tex30","13"
"Gls","6"
"Stat1","6"
"Mgat4a","4"
"Inpp4a","14"
"Plekhb2","2"
"Imp4","10"
"Dst","1"
"Prim2","2"
"Rhbdd1","4"
"Sphkap","1"
"Cyp27a1","11"
"Rqcd1","10"
"Igfbp5","14"
"Xrcc5","10"
"Fn1","15"
"Psmd1","10"
"Ncl","10"
"Epha4","2"
"Ptma","10"
"Farsb","10"
"Serpine2","12"
"Pask","15"
"Bok","13"
"Hdac4","6"
"Pam","11"
"Mcm6","9"
"Rgs2","17"
"Cfh","3"
"Ptpn4","1"
"Dbi","4"
"Steap3","1"
"Nr5a2","6"
"Cd55","8"
"Rab29","1"
"Nucks1","10"
"Chit1","7"
"Atp2b4","14"
"Mr1","3"
"Lamc1","4"
"Fam129a","1"
"Adck3","17"
"Cdc42bpa","1"
"Kif26b","14"
"Tmem63a","14"
"Vangl2","15"
"Uck2","9"
"Tada1","15"
"Mpzl1","13"
"Atp1b1","5"
"Astn1","14"
"Ralgps2","1"
"Abl2","10"
"Soat1","17"
"Cenpf","2"
"Eprs","10"
"Nek2","2"
"Lpgat1","15"
"Ppp2r5a","11"
"Tmem206","16"
"Plxna2","14"
"Nmt2","16"
"Suv39h2","2"
"Dclre1c","2"
"Sephs1","10"
"Phyh","1"
"Mcm10","2"
"Optn","17"
"Rgs5","10"
"Nuf2","2"
"Mgst3","17"
"Vamp4","13"
"Cenpl","2"
"Dars2","2"
"Stam","9"
"Vim","7"
"Plxdc2","12"
"Nr5a1","1"
"Lypd6b","7"
"Itga8","8"
"Mastl","2"
"Abi2","4"
"St6galnac6","16"
"Ak1","15"
"Kcnj3","12"
"Gpd2","4"
"Olfm1","4"
"Zeb2","8"
"Traf1","1"
"Gsn","7"
"Grb14","12"
"Notch1","15"
"Pmpca","9"
"Gpsm1","15"
"Sapcd2","2"
"Uap1l1","7"
"Arrdc1","7"
"Pax8","10"
"Psd4","6"
"Pkp4","2"
"Nckap1","4"
"Frzb","15"
"Ssfa2","4"
"Itga4","14"
"Slc25a12","6"
"Ube2e3","9"
"Cybrd1","11"
"Zfp385b","6"
"Ssrp1","10"
"Lrp2","15"
"Ube2l6","7"
"Itgav","12"
"Sp3","1"
"Itga6","17"
"Kif18a","2"
"Slc12a6","16"
"Ccdc34","10"
"Caprin1","9"
"Nat10","2"
"Api5","10"
"Ttc17","7"
"Gatm","17"
"Sema6d","7"
"Myef2","13"
"Meis2","15"
"Cd82","5"
"Tspan18","17"
"Syt13","1"
"Mdk","8"
"Snap25","13"
"Jag1","13"
"Ehd4","17"
"Itpka","7"
"Ubox5","10"
"Nusap1","2"
"Rad51","2"
"Casc5","2"
"Knstrn","2"
"Ivd","16"
"Rassf2","3"
"Slc23a2","17"
"Pcna","10"
"Rasgrp1","7"
"Mcm8","2"
"Bmp2","1"
"Hdc","1"
"Usp8","4"
"Bub1","2"
"Bcl2l11","10"
"Polr1b","2"
"Tgm3","1"
"Nop56","10"
"Napb","11"
"Cst8","1"
"Cst12","17"
"Cst9","2"
"Cst3","1"
"Acss1","1"
"Snph","7"
"Tpx2","2"
"Pdrg1","4"
"Kif3b","9"
"Mapre1","10"
"Necab3","5"
"Aurka","2"
"Tpd52","6"
"Pag1","14"
"Zdbf2","15"
"Stx16","14"
"Fabp5","10"
"Atp9a","17"
"Sall4","2"
"Lrrcc1","2"
"Car3","8"
"Ntsr1","15"
"Nkain4","3"
"Chrna4","7"
"Zbtb46","11"
"Pcmtd2","5"
"Hps3","7"
"Nfs1","4"
"Epb4.1l1","1"
"Dsn1","2"
"Samhd1","4"
"Rbl1","13"
"Dhx35","4"
"Pik3ca","13"
"Gnb4","13"
"Actl6a","10"
"Mecom","14"
"Pld1","1"
"Ect2","2"
"Mccc1","4"
"Anxa5","7"
"Exosc9","2"
"Ccna2","2"
"Rab33b","15"
"Postn","8"
"Exosc8","10"
"Schip1","4"
"Ift80","4"
"Bche","13"
"Smad9","15"
"Dclk1","7"
"Wwtr1","7"
"Etfdh","1"
"Gmps","10"
"Kcnab1","13"
"Serpini1","1"
"Wnt2b","7"
"Olfml3","8"
"Vangl1","14"
"Hsd3b1","6"
"Hmgcs2","17"
"Slc16a4","7"
"Dram2","4"
"S100a11","11"
"Npr1","7"
"Slc50a1","5"
"Efna1","7"
"Fam198b","1"
"Sass6","2"
"Extl2","4"
"Ndst4","5"
"Ndst3","15"
"Lef1","7"
"Sfrp2","9"
"Ctso","12"
"Pdgfc","14"
"Pitx2","15"
"Enpep","8"
"Kcnq5","2"
"Dnajb4","7"
"Cks1b","10"
"Pmf1","2"
"Iqgap3","10"
"Fmo5","7"
"Ecm1","15"
"F3","7"
"Ptbp2","10"
"Rorc","7"
"Manba","1"
"Cisd2","2"
"Depdc1a","2"
"Cth","4"
"Lphn2","4"
"Ddah1","13"
"Ccne2","13"
"Gem","11"
"Calb1","17"
"Mmp16","8"
"Cpne3","17"
"Gbp3","11"
"Gbp2","7"
"Rragd","2"
"Epha7","9"
"Smc2","2"
"Anp32b","10"
"Brinp1","15"
"Tnc","13"
"Svep1","8"
"Ptgr1","1"
"Ptbp3","13"
"Pole3","10"
"Smu1","9"
"Dnaja1","4"
"B4galt1","3"
"Ikbkap","9"
"Epb4.1l4b","2"
"Vcp","4"
"Car9","5"
"Gba2","10"
"Npr2","3"
"Glipr2","15"
"Bnc2","9"
"Plin2","17"
"Ppap2b","11"
"Dab1","4"
"Slc35d1","16"
"Pde4b","13"
"Jak1","12"
"Eps15","16"
"Ttc39a","4"
"Usp1","2"
"Nfia","11"
"Cc2d1b","9"
"Pdpn","17"
"Orc1","9"
"Echdc2","16"
"Lrp8","2"
"Ndc1","2"
"Tmem59","16"
"Col9a2","11"
"Ctps","10"
"Edn2","7"
"Ccdc30","1"
"Ppt1","1"
"Fuca1","6"
"Pnrc2","4"
"Kif2c","2"
"Ptch2","11"
"Prdx1","16"
"Akr1a1","16"
"Nasp","10"
"Pik3r3","1"
"Pomgnt1","4"
"Mknk1","4"
"Stil","2"
"Eif4g3","10"
"Alpl","10"
"Fabp3","17"
"Sema3c","13"
"Phc2","10"
"Yars","10"
"Stmn1","10"
"Slc30a2","7"
"Ago3","12"
"Hgf","15"
"Rspo1","4"
"Cdca8","2"
"Sema3a","7"
"Rpa2","2"
"Smpdl3b","11"
"Inpp5b","13"
"Gmeb1","9"
"Epb4.1","10"
"Ptpru","2"
"Casp9","1"
"Arhgef19","7"
"Xrcc2","2"
"Prkag2","5"
"Nol9","2"
"Abcf2","10"
"Pgd","9"
"Slc4a2","16"
"Cdk5","16"
"Pex14","16"
"Slc2a5","4"
"H6pd","5"
"Draxin","15"
"Mmp23","17"
"Mxra8","8"
"Cptp","9"
"Cd38","14"
"Prom1","10"
"Acox3","1"
"Pcdh7","15"
"Fosl2","5"
"Khk","6"
"Emilin1","8"
"Dhx15","10"
"Tbc1d1","2"
"Cenpa","2"
"Tbc1d14","2"
"Apbb2","13"
"Gnpda2","16"
"Gabra4","7"
"Gabrb1","7"
"Pdgfra","8"
"Cdc7","2"
"Tgfbr3","3"
"Ibsp","9"
"Sparcl1","3"
"Klhl8","1"
"Aff1","17"
"Agpat9","1"
"Rasgef1b","6"
"Prkg2","4"
"Bmp3","12"
"Asphd2","9"
"Nos1","1"
"Rfc5","2"
"Dck","2"
"Cxcl1","11"
"G3bp2","9"
"Naaa","1"
"Kntc1","2"
"Ran","10"
"Gbas","16"
"Cct6a","10"
"Aldh2","11"
"P2rx4","17"
"Aacs","7"
"Anxa3","6"
"Golga3","9"
"Cit","2"
"Pla2g1b","6"
"Pxn","4"
"Tes","10"
"Mad1l1","4"
"Oasl2","5"
"Foxp2","13"
"Wipi2","4"
"Plbd2","16"
"Arpc1a","9"
"Ndufa4","4"
"Rasl11a","4"
"Pan3","16"
"Hsph1","10"
"Col1a2","8"
"Ezh2","10"
"Aass","7"
"Gcc1","11"
"Mcm7","10"
"Asns","4"
"Dync1i1","5"
"Cald1","8"
"Akr1b8","11"
"Plxna4","7"
"Calu","9"
"Klhdc10","2"
"Hibadh","16"
"Nt5c3","17"
"Fkbp9","1"
"Abcg2","10"
"Tmem176b","7"
"Igf2bp3","9"
"Malsu1","9"
"Npy","9"
"Zc3hav1","17"
"Svopl","9"
"Trim24","9"
"Cbx3","15"
"Ptn","8"
"Gstk1","15"
"Mad2l1","2"
"Hpgds","15"
"Rab19","6"
"Slc37a3","10"
"Anxa4","17"
"Pcyox1","16"
"Prickle2","8"
"Lrig1","13"
"Kbtbd8","2"
"Frmd4b","9"
"Foxp1","13"
"Gxylt2","1"
"Aldh1l1","17"
"Slc41a3","1"
"Nup210","13"
"Slc6a6","15"
"Sumf1","16"
"Itpr1","11"
"Bhlhe40","5"
"Usp18","17"
"A2m","4"
"Emp1","7"
"Atf7ip","1"
"Plbd1","6"
"Mgp","3"
"Rerg","12"
"Golt1b","10"
"Ldhb","16"
"Rad18","2"
"Bhlhe41","7"
"Lrmp","1"
"Bcat1","13"
"Etnk1","14"
"Ttll3","16"
"Itpr2","6"
"Sec13","10"
"Ccdc91","16"
"Tmtc1","8"
"Dennd5b","15"
"Cand2","10"
"Mbd4","2"
"Ift122","9"
"Ltbr","16"
"Cd9","11"
"Rad51ap1","2"
"Tspan9","8"
"Fkbp4","9"
"Zik1","10"
"Qpctl","16"
"Pglyrp1","1"
"Zfp273","9"
"Oca2","1"
"Siglecg","1"
"Zfp719","11"
"Zdhhc13","10"
"Pcsk6","17"
"Apba2","2"
"Crtc3","11"
"Blm","2"
"Sema4b","17"
"Plin1","1"
"Nr2f2","8"
"Synm","12"
"Mef2a","17"
"Ctsc","4"
"Rasgrp4","1"
"Fam98c","1"
"Psmc4","10"
"Mfge8","9"
"Hapln3","8"
"Acan","1"
"Mrps11","16"
"Sytl2","14"
"Ddias","2"
"Arl6ip1","16"
"Nucb2","1"
"Ipo5","9"
"Pde3b","2"
"Kif22","2"
"Aldoa","4"
"Nupr1","12"
"Cln3","6"
"Pgm2l1","13"
"Chrdl2","1"
"Kdm8","2"
"Zkscan2","14"
"Tgfb1i1","11"
"Rnf141","10"
"Adm","1"
"Pycard","5"
"Bcat2","4"
"Tial1","15"
"Bag3","1"
"Fgfr2","4"
"Chp2","6"
"Plk1","2"
"Tpp1","16"
"Trim30a","6"
"Oat","4"
"Lhpp","1"
"Rrm1","2"
"Bccip","10"
"Stim1","1"
"Pgap2","1"
"Mki67","2"
"Atp6ap2","16"
"Usp9x","16"
"St5","1"
"Trim66","7"
"Tub","14"
"Cdk16","1"
"Oraov1","2"
"Ano1","5"
"Cul4b","4"
"Smarca1","17"
"Elf4","1"
"Gpc4","17"
"Slc9a9","12"
"Arhgef6","13"
"Otud5","9"
"Aff2","6"
"Msn","9"
"Pbdc1","10"
"Itm2a","8"
"Sh3bgrl","15"
"Sytl4","6"
"Cenpi","2"
"Col4a6","14"
"Col4a5","14"
"Pak3","6"
"Glt28d2","1"
"Il13ra2","11"
"Gpr64","5"
"Pdha1","9"
"Il2rg","15"
"Zmym3","17"
"Flna","9"
"Abcb7","10"
"Gpm6b","12"
"Msl3","16"
"Ctps2","17"
"Ap1s2","8"
"Bgn","3"
"Atp2b3","1"
"Abcd1","1"
"Hcfc1","10"
"Fam3a","16"
"Dkc1","10"
"Zcchc18","2"
"Prps1","2"
"Rnf128","1"
"Gas6","11"
"Rasa3","1"
"Eif4ebp1","13"
"Rab20","3"
"Ankrd10","10"
"Gpm6a","14"
"Aga","11"
"Eri1","2"
"Plat","9"
"Agpat6","10"
"Sfrp1","8"
"Slit2","8"
"Fgfr1","15"
"Rwdd4a","10"
"Star","7"
"Kcnu1","11"
"Rbpms","15"
"Pcm1","15"
"Pdgfrl","8"
"Cnot7","13"
"Msmo1","13"
"Hpgd","12"
"Tmem184c","10"
"Isx","7"
"Sorbs2","5"
"N4bp1","15"
"Cbln1","14"
"Sall1","2"
"Cdh11","8"
"Orc6","10"
"Gab1","7"
"Ap1g1","9"
"Irx3","7"
"Mmp2","8"
"Cenpn","2"
"Mt2","5"
"Mt1","17"
"Coq9","16"
"Gpr56","17"
"Mmp15","1"
"Tmem38a","7"
"Usb1","16"
"Tpm4","15"
"Slc27a1","17"
"Map1lc3b","7"
"Gins2","9"
"Gse1","9"
"Crispld2","10"
"Klhl36","5"
"Taf1c","16"
"Hsd17b2","5"
"BC021891","15"
"Mau2","14"
"Ces2g","3"
"Hsd11b2","8"
"Ctrl","1"
"Vps4a","13"
"Cep57","13"
"Kars","9"
"Wdr59","6"
"Aars","10"
"Bmper","10"
"Adamts8","1"
"Aplp2","11"
"Trpc6","12"
"Ubash3b","12"
"St3gal4","12"
"Acat1","7"
"Rdx","10"
"Ppp2r1b","2"
"Cryab","14"
"Dixdc1","4"
"Cadm1","8"
"Apoa4","6"
"Apoa1","6"
"Tagln","15"
"Mpzl2","7"
"Chek1","10"
"Slc37a2","7"
"Ilf3","9"
"Bmp5","10"
"Tmod2","15"
"Smarca4","10"
"Polr2m","10"
"Rab27a","1"
"Ccnb2","2"
"Myo1e","6"
"Mns1","2"
"Fam81a","6"
"Tcf12","7"
"Anxa2","7"
"Cgnl1","4"
"Ice2","4"
"Fem1b","2"
"Kif23","2"
"Sh3bgrl2","2"
"Acsbg1","6"
"Thsd4","14"
"Crabp1","15"
"Nr2e3","1"
"Ireb2","9"
"Pkm","9"
"Fam219b","13"
"Cyp11a1","1"
"Col12a1","7"
"Neo1","1"
"Gsta4","13"
"Elovl5","2"
"Gclc","2"
"Ctsh","7"
"Tpm1","8"
"Plscr1","13"
"Plscr2","14"
"Plod2","8"
"Dapk2","11"
"Igdcc3","9"
"Me1","17"
"Tbx18","15"
"Snx14","1"
"Syncrip","15"
"Stt3b","1"
"Nmnat3","7"
"Mras","12"
"Cdc25a","10"
"Smarcc1","9"
"Scap","16"
"Amotl2","9"
"Abhd5","14"
"Cish","5"
"Rbm5","4"
"Traip","2"
"Bsn","4"
"Apeh","4"
"Prkar2a","9"
"Qars","9"
"Nicn1","7"
"Usp4","4"
"Thsd7a","14"
"Chsy1","15"
"Pygm","7"
"Colgalt2","17"
"Exd2","14"
"Ablim3","1"
"Heyl","13"
"Gtf3c1","9"
"Troap","2"
"Lama1","6"
"Srxn1","1"
"Slc10a3","6"
"Igdcc4","11"
"Ank2","12"
"Pwp2","15"
"Abcc10","4"
"Psmf1","13"
"Arhgef17","11"
"Rims3","2"
"Fbxo21","16"
"Lrig2","7"
"Nup93","10"
"Inha","6"
"Mycbp2","7"
"C330027C09Rik","2"
"Pygb","17"
"Lmo7","7"
"Gas7","11"
"Tbc1d4","1"
"Cdc14b","4"
"Slc35d2","4"
"Phldb2","15"
"Ttf2","2"
"Wnt6","1"
"Arid2","10"
"Ttll4","10"
"Slc35a4","10"
"Wdr3","2"
"Ptprf","4"
"Lpp","15"
"Fem1c","13"
"Tnxb","11"
"Dnm2","4"
"Chst2","13"
"Rtp4","6"
"Usp37","10"
"Palmd","7"
"Antxr1","8"
"BC026585","17"
"Prss35","3"
"Angptl1","12"
"Rbfox2","15"
"Myo6","12"
"Tmem35","16"
"Igf2bp2","9"
"Myo5c","6"
"Pank1","1"
"Pcgf3","10"
"Clec18a","2"
"Qsox1","7"
"Ucp2","6"
"Stard9","11"
"Smyd5","10"
"Akr1c14","12"
"Vav3","1"
"Fndc3c1","2"
"D930015E06Rik","9"
"Fam208b","9"
"Lgals3bp","11"
"Gucy1a3","3"
"Zswim5","13"
"Aspm","2"
"Zfp446","4"
"Slc16a2","3"
"Pqlc1","1"
"Fancd2","2"
"Cct2","9"
"Zfp551","4"
"Ctnnd1","4"
"Lrrc58","8"
"Ogt","7"
"Rnf43","7"
"Lsm3","10"
"Efcab14","13"
"Kif4","2"
"Trim59","2"
"Brip1","2"
"Zbed4","10"
"Smc4","2"
"Neurl1b","8"
"Dhrs11","1"
"Gulo","6"
"Six4","10"
"Edil3","10"
"Gjc1","10"
"Ice1","9"
"Slc41a2","1"
"Ppm1h","14"
"Pik3ip1","17"
"Ssh3","7"
"Ly6d","7"
"Tiparp","16"
"Lrrn1","7"
"Bmp2k","6"
"Dbn1","9"
"Fras1","13"
"Ttyh2","17"
"Cnot6l","14"
"Mast4","13"
"Pcdh11x","9"
"Tmub2","16"
"Tle6","7"
"BC030867","2"
"Zfp661","7"
"Art3","16"
"Acot11","14"
"Fam214a","7"
"Fam151a","14"
"Ncaph","2"
"Sidt2","7"
"Arl4d","7"
"Tmem106a","5"
"Lbx2","11"
"Dpp4","14"
"Ncapd3","2"
"Tanc1","13"
"Slc24a5","13"
"Neu3","17"
"Amh","6"
"Arx","3"
"G2e3","15"
"Mid1","13"
"Ror1","10"
"Sec31a","4"
"Nfkbiz","14"
"Pdzrn3","15"
"Parpbp","2"
"Crb2","2"
"Kank4","11"
"Fignl1","10"
"Tnni3","6"
"Tab3","14"
"Tgfbi","14"
"Capn5","17"
"Aldh1b1","1"
"Pcdh17","14"
"Frmpd1","1"
"Grhpr","16"
"Zcchc7","11"
"Melk","2"
"Hmha1","2"
"Supt16","10"
"Krt20","7"
"Acta2","8"
"Lysmd3","15"
"Syt1","3"
"Cerk","1"
"Rnase1","17"
"Chst4","1"
"Ttc38","1"
"Tmem55b","9"
"Dock4","1"
"Apex1","9"
"Prtg","2"
"Fmnl2","1"
"Zranb3","2"
"Arl5a","15"
"Myrf","14"
"Colec12","1"
"Mbnl3","7"
"Prickle1","8"
"Pphln1","10"
"Ankmy2","4"
"Gxylt1","10"
"Arhgap36","10"
"BC027231","2"
"Ska1","2"
"Lrrk2","5"
"Lrrn3","8"
"Slc2a13","8"
"Lzts1","7"
"Qsox2","13"
"Csgalnact1","7"
"Rmdn2","1"
"Cdh8","14"
"Greb1","12"
"Cnot1","4"
"Upf3b","16"
"Fgf1","5"
"Alx1","15"
"Etl4","8"
"Mgat4b","6"
"Dennd3","1"
"Aaas","2"
"Tmem184a","6"
"Zcchc12","14"
"Tubb4b","2"
"Kif15","2"
"Decr2","4"
"Anln","2"
"Klhl13","7"
"Plch1","2"
"Hspb6","17"
"Wnt4","1"
"Dna2","13"
"Acaa2","1"
"Rap2b","12"
"Unc93b1","11"
"Ss18","13"
"Frem2","14"
"Inhbb","6"
"Rbmxl1","9"
"Trmt12","4"
"Tmprss13","1"
"Aff3","1"
"Mgarp","6"
"Grhl3","4"
"Pacrg","9"
"Islr","3"
"Spry1","15"
"Clic4","15"
"Hgsnat","11"
"Rsrp1","7"
"Tacc3","2"
"Tap1","17"
"Slc9a7","6"
"Paqr7","17"
"Actr1b","9"
"Kdm6a","4"
"Rims2","6"
"Nmur2","1"
"Best1","1"
"Vnn1","17"
"Fbxo27","1"
"Dtl","2"
"Cib2","7"
"Mavs","16"
"Atg14","16"
"Shank2","1"
"Dlgap5","2"
"Vash2","15"
"Wdhd1","10"
"Tob1","4"
"Nr0b2","1"
"Nme1","9"
"Lphn3","7"
"Osbpl5","12"
"Rgs22","1"
"Slc25a43","11"
"Gpr160","1"
"Cdkn1c","9"
"Cd81","3"
"Fam13a","6"
"Ckap2","2"
"Xkr8","4"
"Ppp1r16b","6"
"Smim14","17"
"Ppm1k","7"
"Iars","10"
"Cpe","17"
"Egr2","5"
"Pcdh18","7"
"H2afz","15"
"Ddx60","12"
"Inpp4b","14"
"Igsf9","2"
"Arap2","17"
"Ccdc138","10"
"Fam120a","16"
"Dennd4c","11"
"Gcc2","1"
"Ptpdc1","15"
"Nod1","5"
"Smim3","13"
"Rnf144b","17"
"Cntln","17"
"Ccdc50","9"
"Stox2","14"
"Notch3","15"
"Ormdl3","7"
"Spon1","15"
"Leprel1","8"
"Pde4dip","4"
"Tapbpl","1"
"Bend3","2"
"Hoxa9","2"
"Fam198a","11"
"F11r","4"
"Hoxa7","10"
"Mical2","5"
"Sobp","17"
"Usp38","2"
"Ncapd2","2"
"Hoxa5","15"
"Iffo1","4"
"Wdr36","10"
"Spats2l","3"
"Tsr1","10"
"Fbxo25","4"
"Pcp4l1","5"
"Ttk","2"
"Txnip","11"
"Egr1","13"
"Dennd2a","14"
"Olfml2b","7"
"Tfdp1","10"
"Sv2a","2"
"Jarid2","9"
"C1s1","13"
"Car14","2"
"Rgs4","14"
"Cbfa2t2","9"
"Osbpl7","14"
"Cul7","1"
"Susd4","14"
"Akap12","8"
"Ensa","15"
"Creb3l2","14"
"Lpar1","8"
"Scube3","10"
"Trps1","7"
"Dsel","1"
"Pbx3","9"
"Akap2","8"
"Mboat1","2"
"Wdr26","9"
"Angptl6","6"
"Alpk3","6"
"Ctnnal1","4"
"Itpkb","11"
"Zfhx3","15"
"Man2a2","7"
"Prc1","2"
"Tspyl5","1"
"Cpq","17"
"Siglecf","1"
"Arhgap18","5"
"Eme1","10"
"Anpep","7"
"Echdc3","17"
"Rreb1","16"
"Nrn1","17"
"Cdc123","10"
"Fam102a","9"
"AW209491","4"
"Tbc1d25","1"
"Metrnl","12"
"Gpatch2","1"
"Suv39h1","10"
"Stx11","1"
"Tgfb2","8"
"Fndc3b","12"
"BC017643","4"
"Cdk5rap2","2"
"Atp6v0e2","6"
"C130074G19Rik","6"
"Exosc2","2"
"Cdh6","15"
"Neil3","8"
"Prss23","13"
"Tmem135","16"
"Zdhhc2","15"
"Tnrc18","1"
"Cntn5","1"
"Nup133","10"
"Mmd2","12"
"Ncam1","8"
"Ajap1","14"
"Rbms3","8"
"Usp53","1"
"Ldb2","8"
"Bahcc1","9"
"Htatip2","1"
"Exo1","2"
"Alkbh4","9"
"Cc2d2a","6"
"Ypel5","16"
"Cercam","17"
"Xkr5","2"
"Arhgap29","17"
"Slc44a3","6"
"Gpr37","1"
"Cited2","4"
"Spsb1","12"
"Dag1","16"
"Mrap","17"
"Mettl20","7"
"Hip1","2"
"Fam60a","9"
"Magi2","7"
"Ginm1","6"
"Rab11fip2","1"
"Negr1","15"
"Rbms2","4"
"Bub1b","2"
"Klhl42","3"
"Cacna2d1","10"
"Maob","1"
"Thbs1","12"
"Ankrd6","14"
"Ccdc114","1"
"Emp3","11"
"Ccbl2","1"
"Gbp7","17"
"Sema3d","8"
"Gbp5","1"
"Plekha1","13"
"Cdk6","6"
"Ddx58","3"
"Trim7","17"
"Bcor","9"
"Cacng5","11"
"Wdr47","5"
"Cdh18","15"
"Pitpnc1","14"
"Zbtb38","5"
"Gyltl1b","6"
"Sgms1","6"
"Cdh12","1"
"Mybbp1a","10"
"Blvrb","11"
"Xaf1","11"
"Chrm4","1"
"Igsf23","7"
"Abhd11","1"
"Adam22","14"
"Pitpnm3","1"
"Tex2","16"
"Ckap5","2"
"Wbscr27","17"
"Gstm2","17"
"Apoc1","7"
"Slc26a7","12"
"Pogk","15"
"Bace2","7"
"Phc1","2"
"Hmgn1","9"
"Limd2","9"
"Sh3pxd2b","15"
"Creg1","17"
"Siah1b","2"
"Plekhh2","9"
"Slc19a2","16"
"Rfx3","10"
"Rcc2","10"
"Cables1","6"
"Sh3kbp1","13"
"Abhd4","1"
"Trim62","1"
"Wdr43","9"
"Pif1","2"
"Grid1","15"
"H2afv","10"
"N4bp2l1","6"
"Smc1a","9"
"Brca2","13"
"Pla2g5","17"
"Arhgap11a","2"
"Arhgap12","4"
"Phf8","17"
"Chd7","10"
"Tox","13"
"Ak7","7"
"Inhba","12"
"Pcf11","1"
"Atp1b2","17"
"Wrap53","10"
"Mdfic","6"
"Mettl18","4"
"Wapal","16"
"Pik3r1","14"
"Ccnb1","2"
"Gk5","1"
"Tardbp","10"
"Smpx","7"
"Serpina3g","5"
"Piezo2","15"
"Cep78","2"
"Kif14","2"
"Serpina3a","6"
"Sox5","11"
"Fmod","14"
"Prelp","3"
"Ccdc64","5"
"Kctd12b","3"
"Kif21b","15"
"Klf8","17"
"Slc39a11","16"
"Rims1","10"
"Rasl12","17"
"Ubr7","10"
"Kirrel","14"
"Tspo","7"
"Pde3a","8"
"Gpr155","11"
"Enc1","13"
"Abca9","12"
"Ptpre","6"
"Fhdc1","6"
"Card6","8"
"Mcm3","10"
"Ipo9","9"
"Shisa4","15"
"Git2","9"
"Gpr45","15"
"Pkp2","1"
"S100a10","7"
"Spidr","9"
"Ncapg2","2"
"Abhd14b","7"
"Kank3","7"
"Inpp5f","4"
"Ssh1","15"
"Rassf4","2"
"Klhl23","1"
"Pnliprp1","1"
"Tmc7","15"
"Pm20d1","1"
"Isl1","15"
"Gm5617","16"
"Snx18","13"
"Fam83g","1"
"Agps","15"
"Adora1","7"
"Mfap4","8"
"Clspn","2"
"D330045A20Rik","2"
"Cpa6","14"
"Usp22","14"
"Dmtf1","9"
"Klhl14","15"
"Thsd7b","7"
"Hirip3","2"
"Asb4","10"
"Arrdc4","7"
"Wdr55","2"
"Mapk6","10"
"Obfc1","10"
"Gm15800","13"
"Id1","9"
"Nmnat2","1"
"Tmem108","10"
"Fgf11","14"
"Nrep","8"
"Serpinb6b","1"
"Greb1l","11"
"Nhlrc3","14"
"Rasef","1"
"Gng2","14"
"Synpo","12"
"Zfp866","4"
"Tuba1c","16"
"Upf2","16"
"Exoc3l","7"
"Fam13c","3"
"Pcdhb19","7"
"Gprasp1","17"
"Tril","3"
"Lgals2","5"
"Adamts3","15"
"Npsr1","5"
"Dpy19l3","9"
"Kcns3","10"
"Col6a6","3"
"Dmrta1","6"
"Nup62","2"
"S1pr2","15"
"Trp53bp1","9"
"Ncmap","1"
"Klhl15","13"
"Naalad2","12"
"Emx2","1"
"Als2cl","1"
"Fmn1","15"
"Fam19a2","15"
"S100a1","7"
"Foxo1","12"
"Gpr146","6"
"Cdc25c","2"
"Cnr1","5"
"Ackr3","15"
"Cxxc4","15"
"Shisa2","1"
"Zbtb7c","4"
"Zfp612","1"
"Ccnjl","1"
"Gemin7","16"
"Serpinb1a","11"
"Abca6","11"
"Hjurp","2"
"Zfp36","5"
"Sstr3","1"
"Zfp367","2"
"Klhl31","13"
"Kctd21","1"
"Wdr72","1"
"Tst","16"
"Zc2hc1c","4"
"S1pr1","7"
"Magi1","1"
"Asxl3","15"
"Hs6st1","1"
"Kcng4","7"
"Cenph","2"
"Gpr20","1"
"Dcaf12l1","7"
"Cenpe","2"
"Zfp423","15"
"Hnrnph2","10"
"Trrap","1"
"Pou3f3","2"
"Mettl24","1"
"Mc2r","9"
"Sh3tc2","16"
"Pid1","8"
"Smtnl2","13"
"Tcf21","8"
"Mms22l","15"
"B230219D22Rik","15"
"Zfp36l2","1"
"Wnk1","7"
"Pnlip","1"
"Tmem229b","5"
"Gldn","6"
"E2f8","2"
"Hepacam","5"
"Zfp62","15"
"Jrk","4"
"Rbp1","8"
"Ngfrap1","10"
"Hnrnpa1","10"
"C77370","11"
"Ar","12"
"Spin2c","6"
"Lyrm4","4"
"Ticrr","2"
"Mtfr1l","16"
"Hmga1","10"
"Foxc2","10"
"Bst2","11"
"Gprc5a","1"
"Fat4","3"
"Gchfr","7"
"Ddit4l","11"
"Vat1l","15"
"Irgm1","11"
"Nqo2","4"
"Tshz1","14"
"Zfp41","2"
"Cd24a","15"
"Chst9","6"
"Ccdc36","4"
"Mc4r","1"
"B3gnt1","13"
"Tgif1","16"
"Ctdspl","16"
"Zbtb44","14"
"Gphn","4"
"Adamts12","8"
"Mis18bp1","2"
"Ubiad1","13"
"Utf1","1"
"Hs3st3a1","7"
"Phf13","13"
"Sned1","14"
"Cdca4","2"
"Diras2","14"
"Bex4","13"
"Marcksl1","9"
"Stbd1","3"
"Prrg1","15"
"Arxes2","16"
"Ldlrad3","10"
"Tenm4","12"
"Kmt2d","11"
"Mcmbp","15"
"Gpr85","15"
"Bcl11b","7"
"Syngr2","16"
"Sacs","7"
"Frmd6","1"
"Ckap2l","2"
"Lhfp","8"
"Omd","13"
"F2r","15"
"Socs4","15"
"Osr1","8"
"Fam171b","13"
"Gli2","8"
"Ccdc57","17"
"Msx1","1"
"Mlec","2"
"Igf2","9"
"Rhno1","10"
"Foxo3","5"
"Rimkla","1"
"Efna5","15"
"Cdca2","2"
"Nr1h5","15"
"Elfn1","1"
"Ndnf","15"
"Clec4a1","1"
"Bmyc","1"
"Oxtr","2"
"Agtr1a","7"
"Fut4","14"
"Zfp2","9"
"Tenm2","14"
"Zg16","6"
"Krt8","7"
"Chchd10","17"
"Upk1b","14"
"Pls1","2"
"Dtx3l","11"
"Sall2","2"
"Adamts16","7"
"Tmie","17"
"Aftph","6"
"Zfp672","4"
"Tmsb4x","7"
"Rasd1","12"
"Lrrc4","16"
"Shisa3","10"
"Apol10b","5"
"Tmx2","16"
"Tdrp","17"
"Bex1","10"
"Lgr4","1"
"Pigm","15"
"Heatr1","10"
"Fzd2","15"
"Foxc1","10"
"Hoxd10","14"
"Snx21","16"
"Foxl2","11"
"Ppp1r3g","7"
"Lypd6","1"
"Fam118b","4"
"Pcdh20","1"
"Zfp61","15"
"Gpd1l","1"
"Defb19","6"
"Arhgap42","6"
"Vamp8","16"
"Ptges","6"
"Pgbd5","17"
"Slc29a4","10"
"Zfp623","2"
"Sgms2","6"
"Gja1","16"
"Lin28a","2"
"Hs3st1","7"
"Olfml1","15"
"Gprc5c","9"
"P4ha3","10"
"Mb21d2","10"
"Cited1","6"
"Ercc6l","2"
"Bzw1","10"
"Gen1","2"
"Pcdh19","2"
"Nup160","2"
"Rab11fip5","1"
"Kif18b","2"
"Flrt3","9"
"Hspa14","10"
"Crebzf","14"
"Irf2bp2","7"
"Arhgef39","2"
"Senp8","13"
"BC068281","2"
"Kctd14","17"
"Cox6b2","1"
"Sox12","15"
"Mest","9"
"Tbc1d22a","9"
"Spats2","9"
"Klf13","13"
"Gnpda1","7"
"D630039A03Rik","7"
"Sema5b","7"
"Cdc42se2","9"
"Slc39a1","3"
"Mogat2","14"
"Tmem171","1"
"Nav2","7"
"Robo2","8"
"Pbx1","8"
"St6galnac3","14"
"Cpne8","1"
"Zfp112","1"
"Zmat1","5"
"Rap1b","16"
"Jun","5"
"BC004004","16"
"Zfp608","15"
"Map1b","13"
"Swt1","1"
"Repin1","16"
"Nup107","10"
"Sae1","10"
"Reep1","1"
"Nrk","15"
"Lamb2","5"
"Cyp2j6","14"
"Prkg1","14"
"Ctif","14"
"Cyp2f2","7"
"Sv2b","11"
"Jam2","6"
"Rnf26","2"
"Aldh1a1","6"
"Pom121","10"
"Adamts18","15"
"Mapk14","2"
"Adamts19","11"
"Kdm3a","1"
"Lgals7","7"
"Ier2","5"
"Tanc2","6"
"Nudcd3","13"
"Sh2d4a","16"
"Ech1","1"
"Shisa6","17"
"Ndst1","15"
"Ercc6","15"
"Skida1","2"
"Skp2","10"
"Spock3","14"
"Lifr","15"
"Cpa1","1"
"Vsnl1","7"
"Adam12","8"
"Pla2r1","5"
"Cggbp1","9"
"Emcn","15"
"Adam10","16"
"Hmgb2","2"
"Vmac","1"
"Phactr1","14"
"Set","13"
"Dsp","9"
"Klhl5","17"
"Kcnmb4","15"
"Gabrg3","1"
"Sugct","5"
"C1ra","11"
"Zfp811","4"
"Pld5","17"
"Ntrk2","15"
"Pgbd1","9"
"Pcdh9","8"
"Nap1l5","6"
"Maf","8"
"Zfp458","4"
"Cpsf6","10"
"Zfp459","17"
"Cdca7","10"
"Gpc3","15"
"Ghr","8"
"Myh8","5"
"Abcd2","12"
"Mta3","16"
"Rnf181","16"
"Zfp277","1"
"Aasdh","16"
"Zkscan5","8"
"A430033K04Rik","4"
"Clca1","7"
"Grik2","15"
"Eif3b","10"
"St3gal5","6"
"Gm9990","8"
"B4galt6","10"
"Pgpep1","5"
"Pla2g4a","7"
"Lig1","2"
"Slit3","14"
"Pign","16"
"Rlim","1"
"Retsat","16"
"Hmga2","14"
"Tsnax","15"
"Ttc26","9"
"Gulp1","8"
"Acbd4","4"
"Nxf3","1"
"Ero1lb","17"
"Ebf1","8"
"Npm1","9"
"Ado","15"
"Whsc1","2"
"Phex","12"
"Ece1","17"
"Lgals8","11"
"Lmcd1","3"
"Mex3b","15"
"Mab21l2","15"
"Abat","7"
"Camk2b","13"
"Cacnb2","3"
"Sept11","8"
"Gstm1","17"
"Adamts17","5"
"Zfp846","7"
"Cryzl1","16"
"Espl1","2"
"Abce1","2"
"Rrp1b","10"
"Map2k5","16"
"Rpl5","9"
"Gpc6","15"
"Tmod3","10"
"Kcnt1","1"
"Zfp958","1"
"Thra","3"
"Nap1l1","10"
"Col25a1","14"
"C1qtnf3","10"
"Eno1b","9"
"Frem1","8"
"Ntrk3","8"
"Pde1a","7"
"Skap2","15"
"Hnrnpm","9"
"Zc3h4","10"
"Nrsn2","14"
"Mamld1","3"
"Hadhb","16"
"Nhs","14"
"Tor4a","7"
"Calcrl","3"
"Syn3","7"
"Sohlh1","1"
"Zfp422","9"
"Unc5c","8"
"Ntm","15"
"Prmt7","9"
"Atp8b4","7"
"Serpinb6a","17"
"Pcnxl2","5"
"Pyroxd2","7"
"Casc4","16"
"Pwwp2b","11"
"Zfp937","16"
"Chst8","12"
"Zfp868","5"
"Rnf14","9"
"Zfp266","9"
"Tnfrsf19","7"
"Ifitm2","11"
"Layn","17"
"Eno3","2"
"Marf1","7"
"Rxfp3","2"
"Tsga10","13"
"B2m","17"
"Ctnna3","1"
"Kcnd2","1"
"Tdrd5","12"
"Mkx","12"
"Gm10093","9"
"Zfp143","2"
"Lsamp","15"
"Mmgt1","15"
"Ddhd2","16"
"Cxcl12","15"
"Phf5a","9"
"Krt79","6"
"Hipk2","2"
"Stx17","7"
"Hist1h4d","2"
"Cep128","2"
"C1qtnf7","3"
"Pclo","13"
"Mdc1","2"
"Cd2ap","1"
"Cyp2d22","5"
"Akr1b10","7"
"Myl1","1"
"Ssbp3","9"
"Btbd3","13"
"Tnfaip8","8"
"Rapgef2","4"
"Opcml","8"
"Trank1","7"
"Nsl1","2"
"Gm10118","1"
"Tubb4a","10"
"Ncs1","10"
"Zfp677","16"
"Phactr2","12"
"Acadm","4"
"Atp11c","9"
"Cped1","3"
"Nrg1","8"
"Lrrc40","10"
"Ctnna2","12"
"Ldha","9"
"Grm4","4"
"Parp10","17"
"Zfp35","9"
"Stk24","1"
"Nmral1","10"
"Lppr1","15"
"Syne2","6"
"D630045J12Rik","10"
"Eno1","9"
"Unc5d","14"
"Sox11","15"
"Lin28b","2"
"Cdc42ep5","17"
"Gpx1","4"
"Ptcd3","10"
"Gm7964","9"
"Klk1","1"
"Nr6a1","16"
"Mro","17"
"Fbln2","15"
"Med14","1"
"Rhox8","6"
"Rab3ip","2"
"Ifi27","17"
"Cntn4","17"
"Aox3","5"
"Ifitm7","1"
"Dhrs3","1"
"Adamtsl1","8"
"Nrxn3","8"
"Hmgb1","10"
"Zfp772","4"
"Hmcn1","7"
"Gm10184","2"
"Vsig10","11"
"Bub3","2"
"Nipal1","12"
"Capn6","14"
"Bmpr2","5"
"Trmt2b","1"
"Zfp563","4"
"Cbln4","1"
"S1pr3","15"
"Myl9","1"
"Arfgef1","1"
"Tcp1","9"
"Agtr2","3"
"Lgals1","7"
"Ap5s1","4"
"Shroom4","7"
"Aard","16"
"Zfp467","7"
"Mgam","14"
"Actc1","15"
"Efcab1","4"
"Clec16a","2"
"Flnc","14"
"Psrc1","2"
"Sort1","14"
"Ptprz1","14"
"Gstm6","17"
"Selenbp1","1"
"Cgn","7"
"Syt11","15"
"Zbtb34","10"
"Gpr98","13"
"Nr2f1","10"
"Hist1h2ae","2"
"Ctxn3","1"
"Epc2","10"
"Pex11g","16"
"Marcks","8"
"Tmem100","8"
"Fam57a","10"
"Ahnak","3"
"Sat2","17"
"Irgm2","11"
"Spdl1","2"
"Fam196b","7"
"Scn2b","7"
"Mpzl3","1"
"Rnf213","16"
"Ccnd1","10"
"Hs3st3b1","4"
"Art5","15"
"Peg12","10"
"Wfdc10","6"
"Mn1","8"
"Etnk2","1"
"Cntnap5a","1"
"Rbm47","16"
"Cited4","7"
"Trabd2b","9"
"Rasgrp3","2"
"Ptges3","10"
"Gm46","1"
"Cecr2","2"
"Tbpl1","2"
"Map3k5","6"
"Hpcal1","17"
"Nt5dc2","2"
"Cpa2","1"
"Uqcc3","1"
"Ubxn1","4"
"Polr2g","4"
"Snx29","4"
"Zcchc16","1"
"Sms","13"
"Mcc","14"
"Ccnf","2"
"Tuba1a","15"
"Adam1a","13"
"Mansc4","14"
"Cep170b","1"
"Sod3","12"
"Nup62cl","9"
"Gprasp2","6"
"Armcx5","16"
"Oip5","2"
"Gm10471","12"
"Arhgdig","7"
"Marc2","17"
"Crygb","5"
"Nbeal1","16"
"Sh3d21","7"
"Fam196a","8"
"Ggh","11"
"Rbm15b","15"
"Ces1h","1"
"Adh1","10"
"Zfp568","10"
"Spint2","16"
"Peak1","7"
"Ccdc61","1"
"Spc24","2"
"Mex3a","15"
"Fat3","15"
"Wfdc6a","11"
"Tox2","6"
"Mafb","15"
"Cpne1","2"
"Tspyl3","11"
"Zcchc3","9"
"Thbd","3"
"Plxnc1","12"
"Gas2l3","15"
"Fibin","8"
"Qser1","15"
"Heg1","11"
"Ttc30b","4"
"Fign","2"
"Rprm","15"
"Gm11744","7"
"Slitrk1","1"
"Nrbp2","6"
"Psme2b","16"
"Gm3550","2"
"Foxd1","15"
"Ctdsp2","14"
"Raet1d","10"
"C030017K20Rik","9"
"Emc1","16"
"E430018J23Rik","4"
"Vps25","10"
"Haus5","2"
"Rad54b","2"
"Eif5a","9"
"Igtp","11"
"Atp6ap1l","7"
"Hsbp1l1","1"
"Ifi27l2a","11"
"Slc45a4","17"
"Col22a1","4"
"Alkbh1","9"
"Prnp","8"
"D130040H23Rik","7"
"Cyp4v3","11"
"Pms2","10"
"Mphosph8","16"
"Trim71","2"
"Ackr4","7"
"Arpc4","16"
"Col4a3","3"
"Pigb","1"
"Nhsl2","15"
"Hoxa3","15"
"Clec2l","7"
"Seh1l","10"
"Ctsf","1"
"Gm14226","13"
"E030010N08Rik","1"
"Wipf3","1"
"Mia","5"
"Tgfbr3l","17"
"Tmem102","1"
"Gm8113","7"
"Palm2Akap2","8"
"Acad11","7"
"Pcp4","2"
"Gypc","13"
"Zfp712","10"
"Zfp493","9"
"Pabpc4l","8"
"Synj2bp","13"
"Gm20390","10"
"Col6a5","3"
"Gm6665","17"
"Peg10","9"
"Bend4","13"
"Kcnb2","6"
"Gm20489","15"
"Gm20547","11"
"Gm21970","1"
"D430019H16Rik","15"
"Pou3f2","2"
"Gm21983","16"
"Noc2l","10"
"Vkorc1","11"
"Psmb9","6"
"Zfp850","2"
"C1rb","11"
"Gm28635","4"
"SCHIP1","4"
"DST","1"
"AC123072.1","1"
